db_name,full_path,age,b_age
fgnet,images/055A04.JPG,4,4
fgnet,images/062A45.JPG,45,43
fgnet,images/050A18.JPG,18,18
fgnet,images/076A09.JPG,9,9
fgnet,images/069A13.JPG,13,13
fgnet,images/012A21.JPG,21,21
fgnet,images/037A18.JPG,18,18
fgnet,images/059A03.JPG,3,3
fgnet,images/031A03.JPG,3,3
fgnet,images/045A48.JPG,48,46
fgnet,images/025A39.JPG,39,37
fgnet,images/051A24.JPG,24,24
fgnet,images/012A36.JPG,36,36
fgnet,images/015A05.JPG,5,5
fgnet,images/015A09.JPG,9,9
fgnet,images/042A20.JPG,20,20
fgnet,images/043A23.JPG,23,23
fgnet,images/046A20.JPG,20,20
fgnet,images/068A09.JPG,9,9
fgnet,images/021A18.JPG,18,18
fgnet,images/049A17.JPG,17,17
fgnet,images/052A02.JPG,2,2
fgnet,images/054A10.JPG,10,10
fgnet,images/011A15.JPG,15,15
fgnet,images/048A16.JPG,16,16
fgnet,images/074A08.JPG,8,8
fgnet,images/020A16.JPG,16,16
fgnet,images/068A10b.JPG,10,10
fgnet,images/004A28.JPG,28,28
fgnet,images/022A11.JPG,11,11
fgnet,images/023A09.JPG,9,9
fgnet,images/002A21.JPG,21,21
fgnet,images/066A02a.JPG,2,2
fgnet,images/065A03a.JPG,3,3
fgnet,images/031A11.JPG,11,11
fgnet,images/008A12.JPG,12,12
fgnet,images/010A07a.JPG,7,7
fgnet,images/072A34.JPG,34,33
fgnet,images/020A13.JPG,13,13
fgnet,images/054A00.JPG,0,0
fgnet,images/037A00.JPG,0,0
fgnet,images/026A13.JPG,13,13
fgnet,images/017A19.JPG,19,19
fgnet,images/049A08.JPG,8,8
fgnet,images/066A08.JPG,8,8
fgnet,images/060A08.JPG,8,8
fgnet,images/073A09.JPG,9,9
fgnet,images/016A05.JPG,5,5
fgnet,images/082A00.JPG,0,0
fgnet,images/032A24.JPG,24,24
fgnet,images/018A29.JPG,29,29
fgnet,images/065A03b.JPG,3,3
fgnet,images/054A13.JPG,13,13
fgnet,images/066A06b.JPG,6,6
fgnet,images/057A17.JPG,17,17
fgnet,images/009A05.JPG,5,5
fgnet,images/048A00.JPG,0,0
fgnet,images/065A06b.JPG,6,6
fgnet,images/048A11.JPG,11,11
fgnet,images/054A16.JPG,16,16
fgnet,images/023A21.JPG,21,21
fgnet,images/030A04.JPG,4,4
fgnet,images/028A26.JPG,26,26
fgnet,images/032A28.JPG,28,28
fgnet,images/082A23.JPG,23,23
fgnet,images/064A19.JPG,19,19
fgnet,images/074A10.JPG,10,10
fgnet,images/049A07.JPG,7,7
fgnet,images/016A16.JPG,16,16
fgnet,images/082A22.JPG,22,22
fgnet,images/081A07.JPG,7,7
fgnet,images/025A22.JPG,22,22
fgnet,images/074A03.JPG,3,3
fgnet,images/045A06.JPG,6,6
fgnet,images/065A12.JPG,12,12
fgnet,images/065A10.JPG,10,10
fgnet,images/051A17.JPG,17,17
fgnet,images/080A14.JPG,14,14
fgnet,images/031A14.JPG,14,14
fgnet,images/001A29.JPG,29,29
fgnet,images/076A06.JPG,6,6
fgnet,images/032A06.JPG,6,6
fgnet,images/043A19.JPG,19,19
fgnet,images/003A47.JPG,47,46
fgnet,images/037A08.JPG,8,8
fgnet,images/076A00.JPG,0,0
fgnet,images/009A11.JPG,11,11
fgnet,images/035A08.JPG,8,8
fgnet,images/056A04.JPG,4,4
fgnet,images/061A04.JPG,4,4
fgnet,images/012A25.JPG,25,25
fgnet,images/047A33.JPG,33,33
fgnet,images/016A08.JPG,8,8
fgnet,images/051A05.JPG,5,5
fgnet,images/063A33.JPG,33,33
fgnet,images/051A18.JPG,18,18
fgnet,images/003A20.JPG,20,20
fgnet,images/046A10.JPG,10,10
fgnet,images/028A14.JPG,14,14
fgnet,images/046A12.JPG,12,12
fgnet,images/077A15.JPG,15,15
fgnet,images/081A02.JPG,2,2
fgnet,images/078A07.JPG,7,7
fgnet,images/021A39.JPG,39,37
fgnet,images/023A16.JPG,16,16
fgnet,images/044A21.JPG,21,21
fgnet,images/031A06.JPG,6,6
fgnet,images/027A30.JPG,30,30
fgnet,images/012A34.JPG,34,33
fgnet,images/010A09.JPG,9,9
fgnet,images/033A02.JPG,2,2
fgnet,images/049A15.JPG,15,15
fgnet,images/044A15.JPG,15,15
fgnet,images/037A01.JPG,1,1
fgnet,images/025A07.JPG,7,7
fgnet,images/056A15.JPG,15,15
fgnet,images/039A45.JPG,45,43
fgnet,images/037A19.JPG,19,19
fgnet,images/042A05.JPG,5,5
fgnet,images/075A00.JPG,0,0
fgnet,images/003A23.JPG,23,23
fgnet,images/034A21.JPG,21,21
fgnet,images/071A43.JPG,43,43
fgnet,images/072A02.JPG,2,2
fgnet,images/078A15.JPG,15,15
fgnet,images/023A25.JPG,25,25
fgnet,images/081A03.JPG,3,3
fgnet,images/003A60.JPG,60,54
fgnet,images/037A06.JPG,6,6
fgnet,images/069A02.JPG,2,2
fgnet,images/035A14.JPG,14,14
fgnet,images/060A06.JPG,6,6
fgnet,images/081A05.JPG,5,5
fgnet,images/039A52.JPG,52,49
fgnet,images/019A27.JPG,27,27
fgnet,images/074A12.JPG,12,12
fgnet,images/035A23a.JPG,23,23
fgnet,images/038A23.JPG,23,23
fgnet,images/047A55.JPG,55,54
fgnet,images/070A01.JPG,1,1
fgnet,images/005A40.JPG,40,40
fgnet,images/041A04.JPG,4,4
fgnet,images/030A10.JPG,10,10
fgnet,images/071A35.JPG,35,35
fgnet,images/022A16.JPG,16,16
fgnet,images/076A14.JPG,14,14
fgnet,images/026A06.JPG,6,6
fgnet,images/078A08.JPG,8,8
fgnet,images/023A29.JPG,29,29
fgnet,images/050A06.JPG,6,6
fgnet,images/073A01.JPG,1,1
fgnet,images/021A16.JPG,16,16
fgnet,images/006A42.JPG,42,41
fgnet,images/034A02.JPG,2,2
fgnet,images/056A02.JPG,2,2
fgnet,images/002A07.JPG,7,7
fgnet,images/027A02.JPG,2,2
fgnet,images/048A18.JPG,18,18
fgnet,images/073A13.JPG,13,13
fgnet,images/025A28.JPG,28,28
fgnet,images/076A03.JPG,3,3
fgnet,images/034A25.JPG,25,25
fgnet,images/071A00.JPG,0,0
fgnet,images/067A39.JPG,39,37
fgnet,images/001A05.JPG,5,5
fgnet,images/040A07.JPG,7,7
fgnet,images/046A17.JPG,17,17
fgnet,images/073A16.JPG,16,16
fgnet,images/075A01.JPG,1,1
fgnet,images/043A13.JPG,13,13
fgnet,images/045A28.JPG,28,28
fgnet,images/046A08.JPG,8,8
fgnet,images/022A07.JPG,7,7
fgnet,images/045A18.JPG,18,18
fgnet,images/053A15.JPG,15,15
fgnet,images/039A50.JPG,50,49
fgnet,images/077A07.JPG,7,7
fgnet,images/077A02.JPG,2,2
fgnet,images/079A00.JPG,0,0
fgnet,images/013A08.JPG,8,8
fgnet,images/081A01.JPG,1,1
fgnet,images/039A02.JPG,2,2
fgnet,images/076A11.JPG,11,11
fgnet,images/066A04.JPG,4,4
fgnet,images/079A01.JPG,1,1
fgnet,images/006A31.JPG,31,31
fgnet,images/001A08.JPG,8,8
fgnet,images/024A17.JPG,17,17
fgnet,images/002A15.JPG,15,15
fgnet,images/020A04.JPG,4,4
fgnet,images/044A25.JPG,25,25
fgnet,images/065A02b.JPG,2,2
fgnet,images/038A00.JPG,0,0
fgnet,images/014A16.JPG,16,16
fgnet,images/034A35.JPG,35,35
fgnet,images/004A19.JPG,19,19
fgnet,images/057A23.JPG,23,23
fgnet,images/015A12.JPG,12,12
fgnet,images/047A11.JPG,11,11
fgnet,images/041A06.JPG,6,6
fgnet,images/005A61.JPG,61,54
fgnet,images/006A24.JPG,24,24
fgnet,images/038A34.JPG,34,33
fgnet,images/017A38.JPG,38,37
fgnet,images/038A04.JPG,4,4
fgnet,images/081A04.JPG,4,4
fgnet,images/034A18.JPG,18,18
fgnet,images/064A03.JPG,3,3
fgnet,images/038A14.JPG,14,14
fgnet,images/060A10.JPG,10,10
fgnet,images/073A07.JPG,7,7
fgnet,images/029A05.JPG,5,5
fgnet,images/013A18.JPG,18,18
fgnet,images/034A44.JPG,44,43
fgnet,images/011A20.JPG,20,20
fgnet,images/036A13.JPG,13,13
fgnet,images/066A09.JPG,9,9
fgnet,images/077A01.JPG,1,1
fgnet,images/005A30.JPG,30,30
fgnet,images/002A31.JPG,31,31
fgnet,images/012A32.JPG,32,31
fgnet,images/068A00.JPG,0,0
fgnet,images/033A14.JPG,14,14
fgnet,images/036A20.JPG,20,20
fgnet,images/006A55.JPG,55,54
fgnet,images/066A07.JPG,7,7
fgnet,images/069A07.JPG,7,7
fgnet,images/023A14.JPG,14,14
fgnet,images/056A06.JPG,6,6
fgnet,images/027A41.JPG,41,41
fgnet,images/036A11.JPG,11,11
fgnet,images/017A12.JPG,12,12
fgnet,images/024A00.JPG,0,0
fgnet,images/015A07.JPG,7,7
fgnet,images/034A16.JPG,16,16
fgnet,images/023A18.JPG,18,18
fgnet,images/002A16.JPG,16,16
fgnet,images/020A18.JPG,18,18
fgnet,images/010A18.JPG,18,18
fgnet,images/058A06.JPG,6,6
fgnet,images/021A27.JPG,27,27
fgnet,images/016A17.JPG,17,17
fgnet,images/074A06.JPG,6,6
fgnet,images/020A08.JPG,8,8
fgnet,images/018A18.JPG,18,18
fgnet,images/054A02.JPG,2,2
fgnet,images/080A10.JPG,10,10
fgnet,images/060A17.JPG,17,17
fgnet,images/076A15.JPG,15,15
fgnet,images/073A00.JPG,0,0
fgnet,images/001A22.JPG,22,22
fgnet,images/061A26.JPG,26,26
fgnet,images/031A19.JPG,19,19
fgnet,images/075A10.JPG,10,10
fgnet,images/014A22.JPG,22,22
fgnet,images/003A38.JPG,38,37
fgnet,images/026A18.JPG,18,18
fgnet,images/055A05.JPG,5,5
fgnet,images/037A17.JPG,17,17
fgnet,images/028A20.JPG,20,20
fgnet,images/036A03.JPG,3,3
fgnet,images/019A05.JPG,5,5
fgnet,images/025A23.JPG,23,23
fgnet,images/049A16.JPG,16,16
fgnet,images/053A13.JPG,13,13
fgnet,images/064A04.JPG,4,4
fgnet,images/001A33.JPG,33,33
fgnet,images/068A12.JPG,12,12
fgnet,images/047A12.JPG,12,12
fgnet,images/021A06.JPG,6,6
fgnet,images/002A03.JPG,3,3
fgnet,images/019A07.JPG,7,7
fgnet,images/072A21.JPG,21,21
fgnet,images/059A02b.JPG,2,2
fgnet,images/077A03.JPG,3,3
fgnet,images/040A19.JPG,19,19
fgnet,images/054A17.JPG,17,17
fgnet,images/073A12.JPG,12,12
fgnet,images/054A11.JPG,11,11
fgnet,images/047A18.JPG,18,18
fgnet,images/062A53.JPG,53,49
fgnet,images/008A29.JPG,29,29
fgnet,images/062A38.JPG,38,37
fgnet,images/047A06.JPG,6,6
fgnet,images/072A19.JPG,19,19
fgnet,images/053A08.JPG,8,8
fgnet,images/003A35.JPG,35,35
fgnet,images/043A15.JPG,15,15
fgnet,images/063A09.JPG,9,9
fgnet,images/053A12.JPG,12,12
fgnet,images/046A04.JPG,4,4
fgnet,images/068A14.JPG,14,14
fgnet,images/011A11.JPG,11,11
fgnet,images/074A04.JPG,4,4
fgnet,images/048A15.JPG,15,15
fgnet,images/006A28.JPG,28,28
fgnet,images/060A20.JPG,20,20
fgnet,images/062A47.JPG,47,46
fgnet,images/082A18.JPG,18,18
fgnet,images/034A04.JPG,4,4
fgnet,images/071A24.JPG,24,24
fgnet,images/053A04.JPG,4,4
fgnet,images/026A17.JPG,17,17
fgnet,images/004A26.JPG,26,26
fgnet,images/028A46.JPG,46,46
fgnet,images/051A08.JPG,8,8
fgnet,images/015A04.JPG,4,4
fgnet,images/074A07.JPG,7,7
fgnet,images/071A45.JPG,45,43
fgnet,images/072A14.JPG,14,14
fgnet,images/054A09.JPG,9,9
fgnet,images/078A13.JPG,13,13
fgnet,images/062A35.JPG,35,35
fgnet,images/051A12.JPG,12,12
fgnet,images/027A25.JPG,25,25
fgnet,images/077A11.JPG,11,11
fgnet,images/009A01.JPG,1,1
fgnet,images/034A30.JPG,30,30
fgnet,images/001A02.JPG,2,2
fgnet,images/075A06.JPG,6,6
fgnet,images/067A14.JPG,14,14
fgnet,images/037A13.JPG,13,13
fgnet,images/047A09.JPG,9,9
fgnet,images/079A09.JPG,9,9
fgnet,images/082A16.JPG,16,16
fgnet,images/048A30.JPG,30,30
fgnet,images/053A11.JPG,11,11
fgnet,images/036A06.JPG,6,6
fgnet,images/028A35.JPG,35,35
fgnet,images/017A05.JPG,5,5
fgnet,images/014A36.JPG,36,36
fgnet,images/035A00.JPG,0,0
fgnet,images/024A07.JPG,7,7
fgnet,images/022A23.JPG,23,23
fgnet,images/063A04.JPG,4,4
fgnet,images/082A20.JPG,20,20
fgnet,images/047A13.JPG,13,13
fgnet,images/018A16.JPG,16,16
fgnet,images/041A20.JPG,20,20
fgnet,images/030A17.JPG,17,17
fgnet,images/013A19.JPG,19,19
fgnet,images/077A04.JPG,4,4
fgnet,images/031A04.JPG,4,4
fgnet,images/058A01.JPG,1,1
fgnet,images/039A13.JPG,13,13
fgnet,images/074A01.JPG,1,1
fgnet,images/004A37.JPG,37,37
fgnet,images/067A33.JPG,33,33
fgnet,images/076A01.JPG,1,1
fgnet,images/011A02.JPG,2,2
fgnet,images/011A40.JPG,40,40
fgnet,images/062A41.JPG,41,41
fgnet,images/048A10.JPG,10,10
fgnet,images/032A20.JPG,20,20
fgnet,images/071A18.JPG,18,18
fgnet,images/068A03.JPG,3,3
fgnet,images/050A03.JPG,3,3
fgnet,images/036A18.JPG,18,18
fgnet,images/040A03b.JPG,3,3
fgnet,images/022A26.JPG,26,26
fgnet,images/005A45.JPG,45,43
fgnet,images/016A07.JPG,7,7
fgnet,images/066A10.JPG,10,10
fgnet,images/044A05.JPG,5,5
fgnet,images/032A10.JPG,10,10
fgnet,images/035A18.JPG,18,18
fgnet,images/019A00.JPG,0,0
fgnet,images/074A13.JPG,13,13
fgnet,images/051A15.JPG,15,15
fgnet,images/003A25.JPG,25,25
fgnet,images/050A14.JPG,14,14
fgnet,images/069A10.JPG,10,10
fgnet,images/008A03.JPG,3,3
fgnet,images/004A30.JPG,30,30
fgnet,images/018A22.JPG,22,22
fgnet,images/075A05.JPG,5,5
fgnet,images/024A05.JPG,5,5
fgnet,images/057A18.JPG,18,18
fgnet,images/052A14.JPG,14,14
fgnet,images/030A07.JPG,7,7
fgnet,images/031A07.JPG,7,7
fgnet,images/002A18.JPG,18,18
fgnet,images/081A10.JPG,10,10
fgnet,images/062A15.JPG,15,15
fgnet,images/054A04.JPG,4,4
fgnet,images/077A06.JPG,6,6
fgnet,images/022A30.JPG,30,30
fgnet,images/063A08.JPG,8,8
fgnet,images/082A27.JPG,27,27
fgnet,images/038A11.JPG,11,11
fgnet,images/052A17.JPG,17,17
fgnet,images/013A30.JPG,30,30
fgnet,images/042A04.JPG,4,4
fgnet,images/074A05.JPG,5,5
fgnet,images/060A05.JPG,5,5
fgnet,images/070A03.JPG,3,3
fgnet,images/005A52.JPG,52,49
fgnet,images/053A18.JPG,18,18
fgnet,images/011A05.JPG,5,5
fgnet,images/024A19.JPG,19,19
fgnet,images/020A11.JPG,11,11
fgnet,images/008A30.JPG,30,30
fgnet,images/032A18.JPG,18,18
fgnet,images/028A28.JPG,28,28
fgnet,images/057A05.JPG,5,5
fgnet,images/045A12.JPG,12,12
fgnet,images/030A05.JPG,5,5
fgnet,images/057A12.JPG,12,12
fgnet,images/033A10.JPG,10,10
fgnet,images/073A11.JPG,11,11
fgnet,images/012A23.JPG,23,23
fgnet,images/001A40.JPG,40,40
fgnet,images/045A32.JPG,32,31
fgnet,images/006A51.JPG,51,49
fgnet,images/071A23.JPG,23,23
fgnet,images/058A15.JPG,15,15
fgnet,images/039A15.JPG,15,15
fgnet,images/008A21.JPG,21,21
fgnet,images/010A05.JPG,5,5
fgnet,images/026A15.JPG,15,15
fgnet,images/073A15.JPG,15,15
fgnet,images/071A42.JPG,42,41
fgnet,images/045A17.JPG,17,17
fgnet,images/075A07.JPG,7,7
fgnet,images/046A00.JPG,0,0
fgnet,images/002A29.JPG,29,29
fgnet,images/004A63.JPG,63,54
fgnet,images/009A22a.JPG,22,22
fgnet,images/005A31.JPG,31,31
fgnet,images/080A07.JPG,7,7
fgnet,images/078A01.JPG,1,1
fgnet,images/022A20.JPG,20,20
fgnet,images/015A03.JPG,3,3
fgnet,images/056A01.JPG,1,1
fgnet,images/059A02a.JPG,2,2
fgnet,images/025A12.JPG,12,12
fgnet,images/029A31.JPG,31,31
fgnet,images/031A02.JPG,2,2
fgnet,images/070A02.JPG,2,2
fgnet,images/073A02.JPG,2,2
fgnet,images/030A00.JPG,0,0
fgnet,images/037A09.JPG,9,9
fgnet,images/053A10.JPG,10,10
fgnet,images/008A13.JPG,13,13
fgnet,images/043A10.JPG,10,10
fgnet,images/024A18.JPG,18,18
fgnet,images/015A10.JPG,10,10
fgnet,images/008A16.JPG,16,16
fgnet,images/013A44.JPG,44,43
fgnet,images/051A00.JPG,0,0
fgnet,images/078A12.JPG,12,12
fgnet,images/035A05.JPG,5,5
fgnet,images/030A23.JPG,23,23
fgnet,images/023A03.JPG,3,3
fgnet,images/008A33.JPG,33,33
fgnet,images/055A08.JPG,8,8
fgnet,images/042A18.JPG,18,18
fgnet,images/075A11.JPG,11,11
fgnet,images/072A17.JPG,17,17
fgnet,images/079A02.JPG,2,2
fgnet,images/052A10.JPG,10,10
fgnet,images/040A21.JPG,21,21
fgnet,images/065A07b.JPG,7,7
fgnet,images/020A20.JPG,20,20
fgnet,images/015A19.JPG,19,19
fgnet,images/071A10.JPG,10,10
fgnet,images/058A10.JPG,10,10
fgnet,images/001A16.JPG,16,16
fgnet,images/071A40.JPG,40,40
fgnet,images/042A24.JPG,24,24
fgnet,images/070A00.JPG,0,0
fgnet,images/029A16.JPG,16,16
fgnet,images/078A11.JPG,11,11
fgnet,images/070A14.JPG,14,14
fgnet,images/014A30.JPG,30,30
fgnet,images/018A36.JPG,36,36
fgnet,images/074A11.JPG,11,11
fgnet,images/033A05.JPG,5,5
fgnet,images/039A05.JPG,5,5
fgnet,images/009A16a.JPG,16,16
fgnet,images/043A00.JPG,0,0
fgnet,images/077A09.JPG,9,9
fgnet,images/068A10a.JPG,10,10
fgnet,images/033A39.JPG,39,37
fgnet,images/061A06.JPG,6,6
fgnet,images/010A15.JPG,15,15
fgnet,images/039A16.JPG,16,16
fgnet,images/039A10.JPG,10,10
fgnet,images/022A25.JPG,25,25
fgnet,images/078A00.JPG,0,0
fgnet,images/008A41.JPG,41,41
fgnet,images/074A00.JPG,0,0
fgnet,images/036A01.JPG,1,1
fgnet,images/066A02b.JPG,2,2
fgnet,images/016A04.JPG,4,4
fgnet,images/027A18.JPG,18,18
fgnet,images/065A06a.JPG,6,6
fgnet,images/040A00.JPG,0,0
fgnet,images/045A40.JPG,40,40
fgnet,images/049A04.JPG,4,4
fgnet,images/006A61.JPG,61,54
fgnet,images/058A00.JPG,0,0
fgnet,images/074A09.JPG,9,9
fgnet,images/080A03.JPG,3,3
fgnet,images/037A02.JPG,2,2
fgnet,images/082A25.JPG,25,25
fgnet,images/069A09.JPG,9,9
fgnet,images/040A12.JPG,12,12
fgnet,images/079A04.JPG,4,4
fgnet,images/048A49.JPG,49,49
fgnet,images/077A14.JPG,14,14
fgnet,images/020A22.JPG,22,22
fgnet,images/025A03.JPG,3,3
fgnet,images/044A13.JPG,13,13
fgnet,images/010A12.JPG,12,12
fgnet,images/074A14.JPG,14,14
fgnet,images/065A04.JPG,4,4
fgnet,images/070A06.JPG,6,6
fgnet,images/081A11.JPG,11,11
fgnet,images/046A16.JPG,16,16
fgnet,images/058A03.JPG,3,3
fgnet,images/072A13.JPG,13,13
fgnet,images/006A69.JPG,69,54
fgnet,images/017A36.JPG,36,36
fgnet,images/065A13.JPG,13,13
fgnet,images/018A34.JPG,34,33
fgnet,images/049A05.JPG,5,5
fgnet,images/076A08.JPG,8,8
fgnet,images/025A00.JPG,0,0
fgnet,images/042A01.JPG,1,1
fgnet,images/009A13.JPG,13,13
fgnet,images/063A22.JPG,22,22
fgnet,images/072A27.JPG,27,27
fgnet,images/040A14.JPG,14,14
fgnet,images/036A17.JPG,17,17
fgnet,images/055A12.JPG,12,12
fgnet,images/022A27.JPG,27,27
fgnet,images/001A43a.JPG,43,43
fgnet,images/059A12.JPG,12,12
fgnet,images/012A07.JPG,7,7
fgnet,images/069A03.JPG,3,3
fgnet,images/044A18.JPG,18,18
fgnet,images/051A16.JPG,16,16
fgnet,images/020A30.JPG,30,30
fgnet,images/077A12.JPG,12,12
fgnet,images/069A06.JPG,6,6
fgnet,images/002A26.JPG,26,26
fgnet,images/079A03.JPG,3,3
fgnet,images/076A17.JPG,17,17
fgnet,images/002A12.JPG,12,12
fgnet,images/023A22.JPG,22,22
fgnet,images/001A10.JPG,10,10
fgnet,images/061A25.JPG,25,25
fgnet,images/029A11.JPG,11,11
fgnet,images/028A18.JPG,18,18
fgnet,images/016A19.JPG,19,19
fgnet,images/014A03.JPG,3,3
fgnet,images/062A30.JPG,30,30
fgnet,images/055A23.JPG,23,23
fgnet,images/026A19.JPG,19,19
fgnet,images/015A00.JPG,0,0
fgnet,images/033A44.JPG,44,43
fgnet,images/048A50.JPG,50,49
fgnet,images/016A14.JPG,14,14
